Product Name,Product Price,Description,Ratings
"APPLE iPhone 12 (White, 64 GB)","₹48,999","64 GB ROM15.49 cm (6.1 inch) Super Retina XDR Display12MP + 12MP | 12MP Front CameraA14 Bionic Chip with Next Generation Neural Engine ProcessorCeramic ShieldIndustry-leading IP68 Water ResistanceAll Screen OLED Display12MP TrueDepth Front Camera with Night Mode, 4K Dolby Vision HDR RecordingBrand Warranty for 1 Year",4.6
"APPLE iPhone 12 (Blue, 64 GB)","₹48,999","64 GB ROM15.49 cm (6.1 inch) Super Retina XDR Display12MP + 12MP | 12MP Front CameraA14 Bionic Chip with Next Generation Neural Engine ProcessorCeramic ShieldIndustry-leading IP68 Water ResistanceAll Screen OLED Display12MP TrueDepth Front Camera with Night Mode, 4K Dolby Vision HDR RecordingBrand Warranty for 1 Year",4.6
"OnePlus 11R 5G (Sonic Black, 256 GB)","₹44,999",16 GB RAM | 256 GB ROM17.02 cm (6.7 inch) Display50MP Rear Camera5000 mAh BatteryDomestic warranty of 12 months on phone & 6 months on accessries,4.5
"MOTOROLA Edge 30 Ultra (Starlight White, 256 GB)","₹49,999",12 GB RAM | 256 GB ROM16.94 cm (6.67 inch) Full HD+ Display200MP + 50MP + 12MP | 60MP Front Camera4610 mAh Lithium BatteryQualcomm Snapdragon 8+ Gen 1 Processor1 Year on Handset and 6 Months on Accessories,4.2
"APPLE iPhone 12 (Purple, 64 GB)","₹48,999","64 GB ROM15.49 cm (6.1 inch) Super Retina XDR Display12MP + 12MP | 12MP Front CameraA14 Bionic Chip with Next Generation Neural Engine ProcessorCeramic ShieldIndustry-leading IP68 Water ResistanceAll Screen OLED Display12MP TrueDepth Front Camera with Night Mode, 4K Dolby Vision HDR RecordingBrand Warranty for 1 Year",4.6
"APPLE iPhone 12 (Black, 64 GB)","₹48,999","64 GB ROM15.49 cm (6.1 inch) Super Retina XDR Display12MP + 12MP | 12MP Front CameraA14 Bionic Chip with Next Generation Neural Engine ProcessorCeramic ShieldIndustry-leading IP68 Water ResistanceAll Screen OLED Display12MP TrueDepth Front Camera with Night Mode, 4K Dolby Vision HDR RecordingBrand Warranty for 1 Year",4.6
"APPLE iPhone 12 (Green, 64 GB)","₹48,999","64 GB ROM15.49 cm (6.1 inch) Super Retina XDR Display12MP + 12MP | 12MP Front CameraA14 Bionic Chip with Next Generation Neural Engine ProcessorCeramic ShieldIndustry-leading IP68 Water ResistanceAll Screen OLED Display12MP TrueDepth Front Camera with Night Mode, 4K Dolby Vision HDR RecordingBrand Warranty for 1 Year",4.6
"Nothing Phone (2) (White, 128 GB)","₹49,999",8 GB RAM | 128 GB ROM17.02 cm (6.7 inch) Full HD+ Display50 MP(OIS) +50MP | 32MP Front Camera4700 mAh Lithium ion BatteryQualcomm Snapdragon 8+ Gen 1 ProcessorLTPO AMOLED (1 Hz - 120 Hz)1 Year Manufacturing Warranty,4.4
"OnePlus 11R 5G (Galactic Silver, 256 GB)","₹49,999",16 GB RAM | 256 GB ROM17.02 cm (6.7 inch) Display50MP Rear Camera | 16MP Front Camera5000 mAh BatteryDomestic warranty of 12 months on phone & 6 months on accessories,4.5
"Nothing Phone (2) (White, 256 GB)","₹49,999",12 GB RAM | 256 GB ROM17.02 cm (6.7 inch) Full HD+ Display50 MP(OIS) +50MP | 32MP Front Camera4700 mAh Lithium ion BatteryQualcomm Snapdragon 8+ Gen 1 ProcessorLTPO AMOLED (1 Hz - 120 Hz)1 Year Manufacturing Warranty,4.4
"Nothing Phone (2) (Dark Grey, 256 GB)","₹49,999",12 GB RAM | 256 GB ROM17.02 cm (6.7 inch) Full HD+ Display50 MP(OIS) +50MP | 32MP Front Camera4700 mAh Lithium ion BatteryQualcomm Snapdragon 8+ Gen 1 ProcessorLTPO AMOLED (1 Hz - 120 Hz)1 Year Manufacturing Warranty,4.4
"APPLE iPhone 12 (Red, 64 GB)","₹48,999","64 GB ROM15.49 cm (6.1 inch) Super Retina XDR Display12MP + 12MP | 12MP Front CameraA14 Bionic Chip with Next Generation Neural Engine ProcessorCeramic ShieldIndustry-leading IP68 Water ResistanceAll Screen OLED Display12MP TrueDepth Front Camera with Night Mode, 4K Dolby Vision HDR RecordingBrand Warranty for 1 Year",4.6
"Samsung Galaxy S21 FE 5G with Snapdragon 888 (Olive, 128 GB)","₹45,999",8 GB RAM | 128 GB ROM16.26 cm (6.4 inch) Full HD+ Display12MP + 12MP + 8MP (OIS) | 32MP Front Camera4500 mAh Lithium-ion BatterySnapdragon 888 Processor1 Year Manufacturer Warranty for Device and 6 Months Manufacturer Warranty for In-Box Accessories,4.3
"vivo X80 (Cosmic Black, 256 GB)","₹46,990",12 GB RAM | 256 GB ROM17.22 cm (6.78 inch) Full HD+ Display50MP + 12MP + 12MP | 32MP Front Camera4500 mAh Lithium BatteryMediatek Dimensity 9000 Processor1 Year on Handset and 6 Months on Accessories,4.5
"SAMSUNG Galaxy Z Flip3 5G (Cream, 128 GB)","₹49,999",8 GB RAM | 128 GB ROM17.02 cm (6.7 inch) Full HD+ Display12MP + 12MP | 10MP Front Camera3300 mAh Lithium-ion BatteryQualcomm Snapdragon 888 Octa-Core Processor1 Year Manufacturer Warranty for Device and 6 months Manufacturer Warranty for In-Box Accessories,4.3
"Samsung Galaxy S21 FE 5G with Snapdragon 888 (Lavender, 128 GB)","₹45,999",8 GB RAM | 128 GB ROM16.26 cm (6.4 inch) Full HD+ Display12MP + 12MP + 8MP (OIS) | 32MP Front Camera4500 mAh Lithium-ion BatterySnapdragon 888 Processor1 Year Manufacturer Warranty for Device and 6 Months Manufacturer Warranty for In-Box Accessories,4.3
"SAMSUNG Galaxy Z Flip3 5G (Phantom Black, 128 GB)","₹49,999",8 GB RAM | 128 GB ROM17.02 cm (6.7 inch) Full HD+ Display12MP + 12MP | 10MP Front Camera3300 mAh Lithium-ion BatteryQualcomm Snapdragon 888 Octa-Core Processor1 Year Manufacturer Warranty for Device and 6 months Manufacturer Warranty for In-Box Accessories,4.3
"SAMSUNG Galaxy A73 5G (Awesome Gray, 256 GB)","₹44,991",8 GB RAM | 256 GB ROM | Expandable Upto 1 TB17.02 cm (6.7 inch) Full HD+ Display108MP + 12MP + 5MP + 5MP | 32MP Front Camera5000 mAh Li-ion BatteryQualcomm Snapdragon 778G Processor1 Year Manufacturer Warranty for Device and 6 Months Manufacturer Warranty for In-Box,4.2
"Samsung Galaxy S21 FE 5G with Snapdragon 888 (Lavender, 256 GB)","₹49,999",8 GB RAM | 256 GB ROM16.26 cm (6.4 inch) Full HD+ Display12MP + 12MP + 8MP (OIS) | 32MP Front Camera4500 mAh Lithium-ion BatterySnapdragon 888 Processor1 Year Manufacturer Warranty for Device and 6 Months Manufacturer Warranty for In-Box Accessories,4.3
"SAMSUNG Galaxy A73 5G (Awesome Mint, 256 GB)","₹43,999",8 GB RAM | 256 GB ROM | Expandable Upto 1 TB17.02 cm (6.7 inch) Full HD+ Display108MP + 12MP + 5MP + 5MP | 32MP Front Camera5000 mAh Li-ion BatteryQualcomm Snapdragon 778G Processor1 Year Manufacturer Warranty for Device and 6 Months Manufacturer Warranty for In-Box,4.2
"Samsung Galaxy S21 FE 5G with Snapdragon 888 (Graphite, 128 GB)","₹45,999",8 GB RAM | 128 GB ROM16.26 cm (6.4 inch) Full HD+ Display12MP + 12MP + 8MP (OIS) | 32MP Front Camera4500 mAh Lithium-ion BatterySnapdragon 888 Processor1 Year Manufacturer Warranty for Device and 6 Months Manufacturer Warranty for In-Box Accessories,4.3
"OnePlus 10T 5G (Jade Green, 128 GB)","₹43,990","8 GB RAM | 128 GB ROM17.02 cm (6.7 inch) Display50MP Rear Camera4800 mAh Battery1 year on phone, 6 months on accessories",4.3
"SAMSUNG Galaxy A73 5G (Awesome Gray, 128 GB)","₹41,999",8 GB RAM | 128 GB ROM | Expandable Upto 1 TB17.02 cm (6.7 inch) Full HD+ Display108MP + 12MP + 5MP + 5MP | 32MP Front Camera5000 mAh Li-ion BatteryQualcomm Snapdragon 778G Processor1 Year Manufacturer Warranty for Device and 6 Months Manufacturer Warranty for In-Box,4.2
"Samsung Galaxy S21 FE 5G with Snapdragon 888 (Olive, 256 GB)","₹49,999",8 GB RAM | 256 GB ROM16.26 cm (6.4 inch) Full HD+ Display12MP + 12MP + 8MP (OIS) | 32MP Front Camera4500 mAh Lithium-ion BatterySnapdragon 888 Processor1 Year Manufacturer Warranty for Device and 6 Months Manufacturer Warranty for In-Box Accessories,4.3
"SAMSUNG Galaxy A73 5G (Awesome Gray, 128 GB)","₹41,999",8 GB RAM | 128 GB ROM | Expandable Upto 1 TB17.02 cm (6.7 inch) Full HD+ Display108MP + 12MP + 5MP + 5MP | 32MP Front Camera5000 mAh Li-ion BatteryQualcomm Snapdragon 778G Processor1 Year Manufacturer Warranty for Device and 6 Months Manufacturer Warranty for In-Box,4.2
"Samsung Galaxy S21 FE 5G with Snapdragon 888 (Olive, 256 GB)","₹49,999",8 GB RAM | 256 GB ROM16.26 cm (6.4 inch) Full HD+ Display12MP + 12MP + 8MP (OIS) | 32MP Front Camera4500 mAh Lithium-ion BatterySnapdragon 888 Processor1 Year Manufacturer Warranty for Device and 6 Months Manufacturer Warranty for In-Box Accessories,4.3
"SAMSUNG Galaxy A73 5G (Awesome Mint, 128 GB)","₹43,099",8 GB RAM | 128 GB ROM | Expandable Upto 1 TB17.02 cm (6.7 inch) Full HD+ Display108MP + 12MP + 5MP + 5MP | 32MP Front Camera5000 mAh Li-ion BatteryQualcomm Snapdragon 778G Processor1 Year Manufacturer Warranty for Device and 6 Months Manufacturer Warranty for In-Box,4.2
"vivo X60 (Midnight Black, 256 GB)","₹46,990",12 GB RAM | 256 GB ROM16.66 cm (6.56 inch) Full HD+ Display48MP + 13MP + 13MP | 32MP Front Camera4300 mAh Lithium-ion BatteryQualcomm Snapdragon 870 ProcessorAMOLED Display1 Year for Handset and 6 Months for In-box Accessories,4.4
"OnePlus 10T 5G (Moonstone Black, 128 GB)","₹43,255",8 GB RAM | 128 GB ROM17.02 cm (6.7 inch) Display50MP Rear Camera4800 mAh Battery1 Year Manufacturer Warranty for Handset and 6 Months Warranty for In the Box Accessories,4.3
"Samsung Galaxy S21 FE 5G with Snapdragon 888 (Graphite, 256 GB)","₹49,999",8 GB RAM | 256 GB ROM16.26 cm (6.4 inch) Full HD+ Display12MP + 12MP + 8MP (OIS) | 32MP Front Camera4500 mAh Lithium-ion BatterySnapdragon 888 Processor1 Year Manufacturer Warranty for Device and 6 Months Manufacturer Warranty for In-Box Accessories,4.3
"Samsung Galaxy S21 FE 5G with Snapdragon 888 (Navy, 256 GB)","₹49,999",8 GB RAM | 256 GB ROM16.26 cm (6.4 inch) Full HD+ Display12MP + 12MP + 8MP (OIS) | 32MP Front Camera4500 mAh Lithium-ion BatterySnapdragon 888 Processor1 Year Manufacturer Warranty for Device and 6 Months Manufacturer Warranty for In-Box Accessories,4.3
"Samsung Galaxy S21 FE 5G with Snapdragon 888 (Navy, 128 GB)","₹45,999",8 GB RAM | 128 GB ROM16.26 cm (6.4 inch) Full HD+ Display12MP + 12MP + 8MP (OIS) | 32MP Front Camera4500 mAh Lithium-ion BatterySnapdragon 888 Processor1 Year Manufacturer Warranty for Device and 6 Months Manufacturer Warranty for In-Box Accessories,4.3
"IQOO 9T 5G (LEGEND, 128 GB)","₹49,499",8 GB RAM | 128 GB ROM17.22 cm (6.78 inch) Display50MP Rear Camera4700 mAh Battery1 Year,4
"OPPO Reno7 Pro 5G (Startrails Blue, 256 GB)","₹47,990",12 GB RAM | 256 GB ROM | Expandable Upto 7 GB16.51 cm (6.5 inch) Full HD+ AMOLED Display50MP + 8MP + 2MP | 32MP Front Camera4500 mAh Lithium-ion Polymer BatteryMediaTek Dimensity 1200-Max Processor65W SuperVOOC | OPPO Sony IMX766 Flagship Rear Camera SensorAircraft-Grade Shooting Star Design | OPPO Glow1 Year Warranty for Phone and 6 Months Warranty for In-Box Accessories,4.3
"vivo X70 Pro (Aurora Dawn, 256 GB)","₹48,990",12 GB RAM | 256 GB ROM16.66 cm (6.56 inch) Full HD+ Display50MP + 12MP + 12MP + 8MP | 32MP Front Camera4450 mAh BatteryMediaTek Dimensity 1200 Processor1 Year for Handset and 6 Months for In-box Accessories,4.4
"OnePlus 10 Pro 5G (Emerald Forest, 128 GB)","₹49,490",8 GB RAM | 128 GB ROM17.02 cm (6.7 inch) Display48MP Rear Camera5000 mAh Battery1 year manufacturer warranty for device and 6 months manufacturer warranty for in-box accessories including batteries from the date of purchase,4.2
"vivo X70 Pro (Aurora Dawn, 256 GB)","₹45,990",8 GB RAM | 256 GB ROM16.66 cm (6.56 inch) Full HD+ Display50MP + 12MP + 12MP + 8MP | 32MP Front Camera4450 mAh BatteryMediaTek Dimensity 1200 Processor1 Year for Handset and 6 Months for In-box Accessories,4.5
"OnePlus 10T 5G (Jade Green, 128 GB)","₹46,190","8 GB RAM | 128 GB ROM17.02 cm (6.7 inch) Display50MP Rear Camera4800 mAh Battery1 year on phone, 6 months on accessories",4.3
"OnePlus 10T 5G (Jade Green, 256 GB)","₹48,990",12 GB RAM | 256 GB ROM17.02 cm (6.7 inch) Display50MP Rear Camera4800 mAh Battery1 year manufacturer warranty for device and 6 months manufacturer warranty for in-box accessories including batteries from the date of purchase,4.2
"OPPO Reno8 Pro 5G (Glazed Green, 256 GB)","₹44,990",12 GB RAM | 256 GB ROM17.02 cm (6.7 inch) Full HD+ AMOLED Display50MP + 8MP + 2MP | 32MP Front Camera4500 mAh Lithium-ion Polymer BatteryMediatek Dimensity 8100 Max Processor1 Year Warranty for Phone and 6 Months Warranty for In-Box Accessories,4.4
"OPPO Reno8 Pro 5G (Glazed Black, 256 GB)","₹43,990",12 GB RAM | 256 GB ROM17.02 cm (6.7 inch) Full HD+ AMOLED Display50MP + 8MP + 2MP | 32MP Front Camera4500 mAh Lithium-ion Polymer BatteryMediatek Dimensity 8100 Max Processor1 Year Warranty for Phone and 6 Months Warranty for In-Box Accessories,4.4
"APPLE iPhone 6 Plus (Silver, 64 GB)","₹48,999",64 GB ROM13.97 cm (5.5 inch) Retina HD Display8MP Rear Camera | 1.2MP Front CameraA8 Chip with 64-bit Architecture and M8 Motion Co-processor1 Year Manufacturer Warranty,4.5
"OnePlus 10T 5G (Moonstone Black, 256 GB)","₹47,585",16 GB RAM | 256 GB ROM17.02 cm (6.7 inch) Display50MP Rear Camera4800 mAh Battery12 Months,4
"OnePlus 10T 5G (Moonstone Black, 256 GB)","₹48,949",12 GB RAM | 256 GB ROM17.02 cm (6.7 inch) Display50MP Rear Camera4800 mAh Battery1 year on phone & 6 months on accessories,4.2
"SAMSUNG Galaxy Z Flip3 5G (Lavender, 128 GB)","₹49,999",8 GB RAM | 128 GB ROM17.02 cm (6.7 inch) Full HD+ Display12MP + 12MP + 12MP3300 mAh Lithium-ion BatteryQualcomm Snapdragon 888 Octa-Core Processor1 Year Manufacturer Warranty for Device and 6 months Manufacturer Warranty for In-Box Accessories,4.3
"OPPO Reno7 Pro 5G (Starlight Black, 256 GB)","₹37,990",12 GB RAM | 256 GB ROM16.51 cm (6.5 inch) Full HD+ AMOLED Display50MP + 8MP + 2MP | 32MP Front Camera4500 mAh Lithium-ion Polymer BatteryMediaTek Dimensity 1200-Max Processor65W SuperVOOC | OPPO Sony IMX766 Flagship Rear Camera SensorAircraft-Grade Shooting Star Design | OPPO Glow1 Year Warranty for Phone and 6 Months Warranty for In-Box Accessories,4.3
"OnePlus 9 Pro 5G (Morning Mist, 128 GB)","₹45,999",8 GB RAM | 128 GB ROM17.02 cm (6.7 inch) Display48MP Rear Camera4500 mAh Battery1 Year,4.2
"OnePlus 9 Pro 5G (Pine Green, 256 GB)","₹48,880",12 GB RAM | 256 GB ROM17.02 cm (6.7 inch) Display48MP Rear Camera4500 mAh Battery1 Year,3.8
"OnePlus 9 Pro (Pine Green, 128 GB)","₹46,549",8 GB RAM | 128 GB ROM17.02 cm (6.7 inch) Display48MP Rear Camera4500 mAh Battery1 Year,3.8
"OnePlus 9RT 5G (Hacker Black, 256 GB)","₹45,993",12 GB RAM | 256 GB ROM16.81 cm (6.62 inch) Display50MP Rear Camera4500 mAh Battery12 months,4.1
"OnePlus 9 Pro 5G (Morning Mist, 256 GB)","₹49,999",12 GB RAM | 256 GB ROM17.02 cm (6.7 inch) Display48MP Rear Camera4500 mAh Battery1 Year,3.8
"realme X50 Pro (Moss Green, 256 GB)","₹33,240",12 GB RAM | 256 GB ROM16.36 cm (6.44 inch) Full HD+ Display64MP + 12MP + 8MP + 2MP | 32MP + 8MP Dual Front Camera4200 mAh Battery5G PhoneQualcomm Snapdragon 865 Processor65W Superdart ChargeBrand Warranty of 1 Year Available for Mobile and 6 Months for Accessories,4.4
"Mi 10T Pro (Cosmic Black, 128 GB)","₹31,990",8 GB RAM | 128 GB ROM16.94 cm (6.67 inch) Full HD+ Display108MP + 13MP + 5MP | 20MP Front Camera5000 mAh Li-ion Polymer BatteryQualcomm Snapdragon 865 Processor144Hz Intelligent AdaptiveSync Display33W Dual Split Flash Charge1 Year Manufacturer Warranty for Device and 6 Months Manufacturer Warranty for In-box Accessories,4.2
"APPLE iPhone 8 Plus (Silver, 64 GB)","₹49,900","64 GB ROM13.97 cm (5.5 inch) Retina HD Display12MP + 12MP | 7MP Front CameraA11 Bionic Chip with 64-bit Architecture, Neural Engine, Embedded M11 Motion Coprocessor ProcessorBrand Warranty of 1 Year",4.6
"APPLE iPhone 8 Plus (Space Grey, 64 GB)","₹49,900","64 GB ROM13.97 cm (5.5 inch) Retina HD Display12MP + 12MP | 7MP Front CameraA11 Bionic Chip with 64-bit Architecture, Neural Engine, Embedded M11 Motion Coprocessor ProcessorBrand Warranty of 1 Year",4.6
"APPLE iPhone 8 Plus (Gold, 64 GB)","₹49,900","64 GB ROM13.97 cm (5.5 inch) Retina HD Display12MP + 12MP | 7MP Front CameraA11 Bionic Chip with 64-bit Architecture, Neural Engine, Embedded M11 Motion Coprocessor ProcessorBrand Warranty of 1 Year",4.6
"Google Pixel 7 (Snow, 128 GB)","₹41,999",8 GB RAM | 128 GB ROM16.0 cm (6.3 inch) Full HD+ Display50MP + 12MP | 10.8MP Front Camera4270 mAh BatteryGoogle Tensor G2 ProcessorNA,4.3
"Google Pixel 7 (Lemongrass, 128 GB)","₹41,999",8 GB RAM | 128 GB ROM16.0 cm (6.3 inch) Full HD+ Display50MP + 12MP | 10.8MP Front Camera4270 mAh BatteryGoogle Tensor G2 Processor1 Year Domestic Warranty,4.3
"Google Pixel 7 (Obsidian, 128 GB)","₹41,999",8 GB RAM | 128 GB ROM16.0 cm (6.3 inch) Full HD+ Display50MP + 12MP | 10.8MP Front Camera4270 mAh BatteryGoogle Tensor G2 Processor1 Year Domestic Warranty,4.3
"OPPO Reno10 Pro 5G (Silvery Grey, 256 GB)","₹39,999",12 GB RAM | 256 GB ROM17.02 cm (6.7 inch) Full HD+ Display50MP + 32MP + 8MP | 32MP Front Camera4600 mAh BatterySnapdragon 778G 5G Processor1 Year Manufacturer Warranty for Phone and 6 Months Warranty for In the Box Accessories,4.3
"OPPO Reno10 Pro 5G (Glossy Purple, 256 GB)","₹39,999",12 GB RAM | 256 GB ROM17.02 cm (6.7 inch) Full HD+ Display50MP + 32MP + 8MP | 32MP Front Camera4600 mAh BatterySnapdragon 778G 5G Processor1 Year Manufacturer Warranty for Phone and 6 Months Warranty for In the Box Accessories,4.3
"OnePlus 11R 5G (Galactic Silver, 128 GB)","₹39,186",8 GB RAM | 128 GB ROM17.02 cm (6.7 inch) Display50MP Rear Camera5000 mAh BatteryDomestic warranty of 12 months on phone & 6 months on accessories,4.5
"OnePlus 11R 5G (Sonic Black, 128 GB)","₹39,640",8 GB RAM | 128 GB ROM17.02 cm (6.7 inch) Display50MP Rear Camera | 16MP Front Camera5000 mAh BatteryDomestic warranty of 12 months on phone & 6 months on accessories,4.5
"Xiaomi 12 Pro 5G (Opera Mauve, 256 GB)","₹41,999",12 GB RAM | 256 GB ROM17.09 cm (6.73 inch) Full HD+ Display50MP + 50MP + 50MP | 32MP Front Camera4600 mAh Lithium Polymer BatterySnapdragon 8 Gen 1 Processor1 Year Manufacturer Warranty for Phone and 6 Months Warranty for In the Box Accessories,4.2
"Xiaomi 12 Pro 5G (Noir Black, 256 GB)","₹41,999",12 GB RAM | 256 GB ROM17.09 cm (6.73 inch) Full HD+ Display50MP + 50MP + 50MP | 32MP Front Camera4600 mAh Lithium Polymer BatterySnapdragon 8 Gen 1 Processor1 Year Manufacturer Warranty for Phone and 6 Months Warranty for In the Box Accessories,4.2
"vivo V23 Pro 5G (Stardust Black, 256 GB)","₹30,699",12 GB RAM | 256 GB ROM16.66 cm (6.56 inch) Full HD+ Display108MP + 8MP + 2MP | 50MP + 8MP Dual Front Camera4300 mAh Lithium BatteryMediatek Dimensity 1200 Processor1 Year Manufacturer Warranty for Phone and 6 Months Warranty for In the Box Accessories,4.2
"Google Pixel 7a (Sea, 128 GB)","₹43,999",8 GB RAM | 128 GB ROM15.49 cm (6.1 inch) Full HD+ Display64MP (OIS) + 13MP | 13MP Front Camera4300 mAh BatteryTensor G2 Processor1 Year Domestic Warranty,4
"Google Pixel 7a (Charcoal, 128 GB)","₹43,999",8 GB RAM | 128 GB ROM15.49 cm (6.1 inch) Full HD+ Display64MP (OIS) + 13MP | 13MP Front Camera4300 mAh BatteryTensor G2 Processor1 Year Domestic Warranty,4
"Google Pixel 7a (Snow, 128 GB)","₹43,999",8 GB RAM | 128 GB ROM15.49 cm (6.1 inch) Full HD+ Display64MP (OIS) + 13MP | 13MP Front Camera4300 mAh BatteryTensor G2 Processor1 Year Domestic Warranty,4
"Nothing Phone (2) (Dark Grey, 128 GB)","₹44,999",8 GB RAM | 128 GB ROM17.02 cm (6.7 inch) Full HD+ Display50 MP(OIS) +50MP | 32MP Front Camera4700 mAh Lithium ion BatteryQualcomm Snapdragon 8+ Gen 1 ProcessorLTPO AMOLED (1 Hz - 120 Hz)1 Year Manufacturing Warranty,4.4
"vivo V27 5G (Magic Blue, 256 GB)","₹36,999",12 GB RAM | 256 GB ROM17.22 cm (6.78 Inch) Full HD+ AMOLED Display50MP (OIS) + 8MP + 2MP | 50MP Front Camera4600 mAh BatteryMediatek Dimensity 7200 5G Processor1 Year Brand Warranty,4.4
"Google Pixel 7a (Coral, 128 GB)","₹43,999",8 GB RAM | 128 GB ROM15.49 cm (6.1 inch) Full HD+ Display64MP (OIS) + 13MP | 13MP Front Camera4300 mAh BatteryTensor G2 Processor1 Year Domestic Warranty,4
"OnePlus 10R 5G (Sierra Black, 256 GB)","₹35,600",12 GB RAM | 256 GB ROM17.02 cm (6.7 inch) Display50MP Rear Camera | 16MP Front Camera5000 mAh Battery1 Year Manufacturer Warranty for Handset and 6 Months Warranty for In the Box Accessories,4.2
"OnePlus 10R 5G (Forest Green, 256 GB)","₹35,899",12 GB RAM | 256 GB ROM17.02 cm (6.7 inch) Display50MP Rear Camera5000 mAh Battery12 months,4.2
"OnePlus 10R 5G (Sierra Black, 256 GB)","₹35,890",12 GB RAM | 256 GB ROM17.02 cm (6.7 inch) Display50MP Rear Camera4500 mAh Battery1 Year Manufacturer Warranty for Handset and 6 Months Warranty for In the Box Accessories,4.2
"IQOO Neo 7 pro (Fearless Flame, 256 GB)","₹42,999",12 GB RAM | 256 GB ROM17.22 cm (6.78 inch) Display50MP Rear Camera5000 mAh BatteryDomestic 1 Year of Device & 6 Months for In-Box Accessories,4.3
"vivo X80 (Urban Blue, 128 GB)","₹43,950",8 GB RAM | 128 GB ROM17.22 cm (6.78 inch) Full HD+ Display50MP + 12MP + 12MP | 32MP Front Camera4500 mAh Lithium BatteryMediatek Dimensity 9000 Processor1 Year on Handset and 6 Months on Accessories,4.5
"IQOO 9 Pro 5G (Legend, 256 GB)","₹44,990",8 GB RAM | 256 GB ROM17.22 cm (6.78 inch) Full HD+ Display50MP + 50MP + 16MP | 16MP Front Camera4700 mAh BatterySnapdragon® 8 Gen 1 Mobile Processor Processor1 year manufacturer warranty,3.8
"Tecno Phantom X2 Pro Retractable 50MP Portrait Lens (Mars Orange, 256 GB)","₹44,869",12 GB RAM | 256 GB ROM17.27 cm (6.8 inch) Full HD+ Display50MP + 50MP + 13MP | 32MP Front Camera5160 mAh BatteryMediaTek Dimensity 9000 MT6983 ProcessorDomestic Warranty of 12 Months on Phone & 6 Months on Accessories,4.3
"vivo X80 5G (Cosmic Black, 128 GB)","₹43,990",8 GB RAM | 128 GB ROM17.22 cm (6.78 inch) Display50MP Rear Camera4500 mAh Batterydomestic 1 Year on Handset and 6 Months on Accessories,4.8
"OnePlus 9 5G (Winter Mist, 256 GB)","₹41,999",12 GB RAM | 256 GB ROM16.64 cm (6.55 inch) Display48MP Rear Camera4500 mAh Battery1 Year,4
"OnePlus 10R (Forest Green, 256 GB)","₹40,199",12 GB RAM | 256 GB ROM17.02 cm (6.7 inch) Display50MP Rear Camera | 16MP Front Camera5000 mAh Battery1 Year Manufacturer Warranty for Handset and 6 Months Warranty for In the Box Accessories,4.1
"IQOO 9T 5G (LEGEND, 128 GB)","₹44,999",8 GB RAM | 128 GB ROM17.22 cm (6.78 inch) Display50MP Rear Camera4700 mAh Battery1 Year,4
"IQOO 9 Pro 5G (Dark Cruise, 256 GB)","₹44,990",8 GB RAM | 256 GB ROM17.22 cm (6.78 inch) Full HD+ Display50MP + 50MP + 50MP + 16MP | 16MP Front Camera4700 mAh BatterySnapdragon® 8 Gen 1 Mobile Processor Processor1 year manufacturer warranty,3.8
"SAMSUNG Galaxy A73 5G (Awesome White, 128 GB)","₹42,898",8 GB RAM | 128 GB ROM | Expandable Upto 1 TB17.02 cm (6.7 inch) Full HD+ Display108MP + 12MP + 5MP + 5MP | 32MP Front Camera5000 mAh Li-ion BatteryQualcomm Snapdragon 778G Processor1 Year Manufacturer Warranty for Device and 6 Months Manufacturer Warranty for In-Box,4.2
"IQOO 9 5G (Phoenix, 128 GB)","₹41,990",8 GB RAM | 128 GB ROM16.66 cm (6.56 inch) Display48MP + 48MP + 13MP + 13MP | 16MP + 16MP Dual Front Camera4350 mAh Battery1 Year,4
"OnePlus 8 (Glacial Green, 128 GB)","₹42,999",8 GB RAM | 128 GB ROM16.64 cm (6.55 inch) Display48MP + 2MP + 16MP | 16MP Front Camera4300 mAh BatteryQualcomm Snapdragon 865 Processor1 year manufacturer warranty for device and 6 months manufacturer warranty for in-box accessories,4.5
"realme X50 Pro (Moss Green, 128 GB)","₹29,999",8 GB RAM | 128 GB ROM16.36 cm (6.44 inch) Full HD+ Display64MP + 12MP + 8MP + 2MP | 32MP + 8MP Dual Front Camera4200 mAh Battery5G PhoneQualcomm Snapdragon 865 Processor65W Superdart ChargeBrand Warranty of 1 Year Available for Mobile and 6 Months for Accessories,4.4
"IQOO 9T 5G (LEGEND, 128 GB)","₹42,717",8 GB RAM | 128 GB ROM17.22 cm (6.78 inch) Display50MP Rear Camera4700 mAh Battery1 Year,4
"APPLE iPhone 7 Plus (Gold, 128 GB)","₹42,900",128 GB ROM13.94 cm (5.488 inch) Retina HD Display12MP + 12MP | 7MP Front CameraApple A10 Fusion 64-bit processor and Embedded M10 Motion Co-processorBrand Warranty of 1 Year,4.5
"vivo V27 Pro 5G (Magic Blue, 256 GB)","₹42,999",12 GB RAM | 256 GB ROM17.22 cm (6.78 inch) Full HD+ Display50MP (OIS) + 8MP + 2MP | 50MP Front Camera4600 mAh BatteryMediatek Dimensity 8200 Processor1 Year Manufacturer Warranty for Phone and 6 Months Warranty for In the Box Accessories,4.4
"vivo V29 Pro 5G (Space Black, 256 GB)","₹42,999",12 GB RAM | 256 GB ROM17.22 cm (6.78 inch) Full HD+ AMOLED Display50MP + 12MP + 8MP | 50MP Front Camera4600 mAh BatteryDimensity 8200 Processor1 Year Manufacturer Warranty for Phone and 6 Months Warranty for In the Box Accessories,4.6
"vivo V29 Pro 5G (Himalayan Blue, 256 GB)","₹42,999",12 GB RAM | 256 GB ROM17.22 cm (6.78 inch) Full HD+ AMOLED Display50MP + 12MP + 8MP | 50MP Front Camera4600 mAh BatteryDimensity 8200 Processor1 Year Manufacturer Warranty for Phone and 6 Months Warranty for In the Box Accessories,4.4
"APPLE iPhone 11 (Black, 64 GB)","₹36,999",64 GB ROM15.49 cm (6.1 inch) Liquid Retina HD Display12MP + 12MP | 12MP Front CameraA13 Bionic Chip ProcessorBrand Warranty of 1 Year,4.6
"realme GT 2 Pro (Steel Black, 256 GB)","₹35,999",12 GB RAM | 256 GB ROM17.02 cm (6.7 inch) Quad HD Display50MP + 50MP + 2MP | 32MP Front Camera5000 mAh Lithium Ion BatteryQualcomm Snapdragon 8 Gen 1 Mobile Platform Processor1 Year Manufacturer Warranty for Phone and 6 Months Warranty for In-Box Accessories,NA
"APPLE iPhone 11 (Black, 128 GB)","₹39,999",128 GB ROM15.49 cm (6.1 inch) Liquid Retina HD Display12MP + 12MP | 12MP Front CameraA13 Bionic Chip ProcessorBrand Warranty of 1 Year,NA
